Year,Week,Event Name,Participants,Description
1917,45,October Revolution,"RU","Bolsheviks seize power in Russia, establishing Soviet government and laying foundation for the USSR."
1922,52,Founding of the USSR,"RU,UA,BY,GE,AM,AZ","Treaty on the Creation of the USSR signed in Moscow; Russian, Ukrainian, Byelorussian and Transcaucasian Soviet Republics unite."
1924,27,Uzbekistan & Turkmenistan Become Union Republics,"UZ,TM,USSR","Central Asian national delimitation creates two new full union republics."
1929,40,Tajikistan SSR Established,"TJ,USSR","Tajik ASSR elevated to full union republic status."
1936,27,Kazakhstan & Kyrgyzstan Elevated,"KZ,KG,USSR","Kazakh and Kyrgyz ASSRs become full union republics."
1936,27,Transcaucasian SFSR Dissolved,"GE,AM,AZ,USSR","Transcaucasian federation abolished; Georgia, Armenia and Azerbaijan become separate union republics."
1940,28,Baltic States Annexed,"EE,LV,LT,USSR","Estonia, Latvia and Lithuania forcibly incorporated as union republics."
1940,29,Moldavian SSR Created,"MD,USSR","Moldova (Bessarabia) annexed and established as the Moldavian Soviet Socialist Republic."
1941,33,Anglo-Soviet Invasion of Iran,"United States, United Kingdom, Soviet Union, Iran","US allies Britain and USSR invade neutral Iran to secure oil and supply routes; Shah Reza Pahlavi forced to abdicate."
1945,12,Founding of the Arab League,"EG,IQ,JO,LB,SA,SY,YE","League of Arab States established in Cairo as the main political organization of Arab countries."
1948,16,Establishment of the OEEC,"AT, BE, DK, FR, GR, IS, IE, IT, LU, NL, NO, PT, SE, CH, TR, GB","Convention signed in Paris creating the Organisation for European Economic Co-operation to administer Marshall Plan aid."
1948,19,Israel Independence & First Arab-Israeli War,"IL,EG,JO,SY,IQ,LB + US,USSR","Israel declares independence; immediate invasion by Egypt, Jordan, Syria, Iraq and Lebanon; US and USSR both grant rapid recognition while Arab states sever ties with West over support for Israel."
1949,4,Founding of Comecon,"USSR,BG,CZSK,HU,PL,RO","Council for Mutual Economic Assistance (Comecon) established in Moscow as Soviet-led economic bloc."
1949,7,Albania Joins Comecon,"AL,Comecon members","Albania admitted shortly after founding."
1949,12,Armistice Agreements Signed,"IL,EG,JO,SY,LB","Israel signs armistice with four Arab states; Egypt and Jordan lose territory, beginning decades of Arab diplomatic isolation from Israel and partial Western alignment shifts."
1949,12,London Declaration & Modern Commonwealth Created,"GB,CA,AU,NZ,IN,PK,CE (LK),ZA + others","King remains symbolic Head; republics allowed; fundamental shift from Empire to voluntary association of sovereign states."
1949,14,Founding of NATO,"BE,CA,DK,FR,IS,IT,LU,NL,NO,PT,GB,US","North Atlantic Treaty signed in Washington D.C. by 12 founding members."
1949,24,West Germany Joins OEEC,"DE, OEEC members","Federal Republic of Germany admitted as full member."
1949,39,Founding of PRC & ROC Retreat to Taiwan,"CN,TW","Chinese Civil War ends; Mao proclaims People's Republic on mainland; Chiang Kai-shek relocates Republic of China government to Taiwan, creating two rival Chinese entities."
1949,39,Founding of the People's Republic of China,"CN,USSR,US","Mao proclaims PRC; USSR grants immediate recognition and aid; US and most Western states continue recognising ROC on Taiwan, isolating Beijing diplomatically."
1950,10,East Germany Joins Comecon,"GDR,Comecon members","German Democratic Republic admitted."
1950,25,Colombo Plan Launched,"GB,CA,AU,NZ + IN,LK,MY,PK,TH,PH,ID","Major Commonwealth-led technical & economic aid programme for South & Southeast Asia; first independent Commonwealth initiative outside US Marshall Plan framework."
1950,27,Korean War Begins,"KP,US+UN,KR,CN","North Korean invasion triggers war; China intervenes with 1 million troops; US/UN defend South; first direct US-China military clash."
1950,27,China Intervenes in Korean War,"CN,US+UN,KP",""Volunteer Army" of 1 million troops crosses Yalu River; first direct military clash with US forces cements China's role as Soviet bloc frontline state."
1951,32,ANZUS Treaty Signed,"AU,NZ,US","Australia & New Zealand form Pacific defence pact with USA deliberately excluding UK; first major Commonwealth defence realignment away from London."
1951,32,San Francisco Peace Treaty & US-Japan Security Treaty Signed,"JP,US","Japan regains sovereignty; US-Japan mutual defence alliance established, making Japan key US forward base in Asia."
1952,7,Greece and Turkey Join NATO,"GR,TR,NATO members","First enlargement: Greece and Turkey admitted."
1953,9,Libya Joins Arab League,"LY,Arab League","Libya admitted as new member."
1953,27,Korean Armistice Signed,"KP,US+UN,KR,CN","War ends in stalemate at 38th parallel; no peace treaty; US maintains large troop presence in South Korea."
1953,34,Operation Ajax Coup,"United States, United Kingdom, Iran","CIA and MI6 orchestrate overthrow of democratically elected Prime Minister Mossadegh; Shah Mohammad Reza Pahlavi restored to power."
1954,36,Manila Pact Signed,"AU,FR,NZ,PK,PH,TH,GB,US","Southeast Asia Collective Defense Treaty signed in Manila; foundation of SEATO as anti-communist military alliance."
1954,20,Dien Bien Phu Defeat & Geneva Accords,"FR,VN,US,GB,CN","Catastrophic loss ends French Indochina; US begins replacing France in Vietnam."
1954,27,Oil Consortium Agreement,"United States, Iran","US oil companies gain major stake in Iranian oil after nationalization crisis."
1954,27,Guatemala Coup (Operation PBSuccess),"United States,Guatemala","CIA backs military coup against President Árbenz over land reforms threatening United Fruit Company; begins era of US-backed dictators in Central America."
1945,33,Indonesian Independence Declared,"ID,NL","Sukarno proclaims independence from Dutch colonial rule; full recognition delayed until 1949."
1947,32,Independence of India & Pakistan,"IN,PK,GB","British India partitioned into two sovereign dominions; ends 200 years of Crown rule."
1947,43,First Indo-Pakistani War (Kashmir War) Begins,"IN,PK","Pakistani-backed tribal invasion triggers first war over Kashmir; ends in 1949 ceasefire line."
1948,1,Burma Independence,"MM,GB","Burma gains full independence from Britain as a republic outside the Commonwealth."
1948,26,Yugoslavia Expelled from Cominform,"YU,USSR","Stalin expels Tito; first major split in communist bloc, Yugoslavia turns non-aligned."
1950,7,Sino-Soviet Treaty of Friendship Signed,"CN,USSR","30-year alliance and mutual assistance pact signed in Moscow; cornerstone of early PRC foreign policy."
1951,35,US-Philippines Mutual Defense Treaty Signed,"US,PH","Formal bilateral defence pact; US guarantees Philippines security post-independence."
1953,40,US-South Korea Mutual Defense Treaty Signed,"US,KR","Permanent US military commitment to defend South Korea after Korean War armistice."
1954,49,US-Taiwan Mutual Defense Treaty Signed,"US,TW","Formal pact committing US to defend Taiwan against PRC attack."






==========================
1955,6,Dispatch of US Military Advisors to South Vietnam,"United States, South Vietnam","Eisenhower sends first US advisors to train ARVN under Diem; early US escalation in Vietnam."
1955,7,SEATO Officially Established,"AU,FR,NZ,PK,PH,TH,GB,US","Southeast Asia Treaty Organization (SEATO) formally comes into force in Bangkok."
1955,8,Signing of Baghdad Pact,"Iraq, Turkey (later UK, Pakistan, Iran)","CENTO/METO founded to resist Soviet expansion in Middle East."
1955,17,Bandung Conference,"29 Asian-African nations (IN,ID,EG,CN etc.)","Afro-Asian summit adopts 10 principles of non-alignment, anti-colonialism and peaceful coexistence; direct ideological foundation of NAM."
1955,19,West Germany Joins NATO,"DE,NATO members","Federal Republic of Germany admitted."
1955,19,Founding of Warsaw Pact,"USSR,AL,BG,CZSK,HU,PL,RO","Warsaw Treaty Organization created as military counter to NATO."
1955,19,Austrian State Treaty,"Austria, US, UK, France, USSR","Restores Austrian sovereignty and mandates permanent neutrality."
1955,29,Geneva Summit,"US (Eisenhower), USSR (Bulganin/Khrushchev), UK (Eden), France (Faure)","First postwar East-West summit on disarmament and European security."
1955,50,UN Admission of 16 New Members,"UN General Assembly","Breaks Cold War deadlock; admits Austria, Finland, Italy, Spain, others."
1956,1,Sudan Joins Arab League,"SD,Arab League","Sudan becomes member after independence."
1956,1,Sudan Independence,"Sudan, United Kingdom, Egypt","Sudan becomes the first independent state from the Anglo-Egyptian condominium."
1956,9,Khrushchev's Secret Speech,"Nikita Khrushchev, Communist Party of the Soviet Union","Khrushchev denounces Stalin's cult of personality and crimes at the 20th Party Congress, initiating de-Stalinization."
1956,30,Suez Crisis & US Opposition,"GB,FR,IL vs EG,US","Failed Anglo-French invasion opposed by Eisenhower; forces Britain to accept diminished global role and strains Commonwealth unity with Canada & India."
1956,30,Suez Canal Nationalization,"Egypt (Gamal Abdel Nasser)","Nasser nationalizes the Suez Canal Company, provoking international crisis."
1956,30,Suez Crisis,"IL,GB,FR,EG + US","Israel, Britain and France invade Egypt; US forces ceasefire and withdrawal; severely damages UK/FR prestige in Arab world and pushes Egypt deeper into Soviet orbit."
1956,43,Egypt Suez Crisis Flip,"EG,US/UK → USSR/NAM","Started pro-Western (US/UK arms & aid under Nasser); nationalized Suez Canal & received Soviet weapons → Soviet-aligned / Non-Aligned Movement."
1956,44,Start of Suez Crisis (Sinai Campaign),"Israel, United Kingdom, France, Egypt","Israeli forces invade Sinai Peninsula; Britain and France join later to seize the canal."
1957,1,Eisenhower Doctrine Announced,"United States, Middle Eastern countries","US policy to provide economic and military aid to Middle East nations against communist aggression."
1957,10,Ghana Independence,"Ghana, United Kingdom","Gold Coast becomes independent Ghana; first sub-Saharan African nation to gain independence from colonial rule."
1957,13,Treaty of Rome,"BE,FR,DE,IT,LU,NL","Founding of the European Economic Community (EEC), direct precursor to the EU."
1957,35,Malaya Independence,"Federation of Malaya, United Kingdom","Malaya gains full independence from British rule (later part of Malaysia)."
1958,1,Morocco & Tunisia Join,"MA,TN,Arab League","North African states admitted."
1958,5,Formation of the United Arab Republic,"Egypt, Syria","Egypt and Syria unite under Nasser to form the UAR, boosting pan-Arab nationalism."
1958,7,Formation of the Arab Federation,"Iraq, Jordan","Short-lived Hashemite union of Iraq and Jordan created as counter to the UAR."
1958,20,May 1958 Crisis in France,"France","Uprising in Algiers leads to collapse of Fourth Republic and return of Charles de Gaulle."
1958,27,French Community Created,"FR + 12 African territories (SN,CI,ML,NE,TD,CF,GA,CG,BJ,TG,MR,DJ)","De Gaulle offers limited autonomy within French Community; most colonies accept except Guinea, preserving French economic and military oversight."
1958,29,14 July Revolution in Iraq,"Iraq","Military coup overthrows monarchy; Abdul Karim Qasim establishes Iraqi Republic."
1958,29,1958 Lebanon Crisis & US Intervention,"United States, Lebanon","US Marines land in Beirut to prop up pro-Western government after Iraqi coup."
1958,34,Second Taiwan Strait Crisis Begins,"China (PRC), Taiwan (ROC), United States","PRC heavily shells Quemoy and Matsu; US provides naval support to Taiwan."
1958,40,Guinea Rejects Community & Faces Retaliation,"GN,FR","Sekou Touré votes "No"; France immediately withdraws all personnel destroys infrastructure and imposes economic blockade; first open break in Françafrique model."
1958,46,Khrushchev's Berlin Ultimatum,"Soviet Union, United States, UK, France","Khrushchev demands Western Allies withdraw from West Berlin within 6 months, starting new Berlin Crisis."
1959,1,Cuban Revolution Victory,"Cuba (Fidel Castro)","Batista flees Havana; Castro's 26th of July Movement seizes power, shifting Cuba into Soviet orbit."
1959,13,Tibetan Uprising / Dalai Lama Exile,"Tibet, China, India","Failed revolt against Chinese rule; Dalai Lama flees to India, creating long-term Sino-Indian tensions."
1959,29,Spain Joins OEEC,"ES, OEEC members","Spain becomes full member of OEEC."
1959,30,Kitchen Debate,"USA (Richard Nixon), USSR (Nikita Khrushchev)","High-profile public debate on capitalism vs communism during Nixon's visit to Moscow."
1959,38,Khrushchev State Visit to USA,"United States, Soviet Union","Khrushchev tours America and meets Eisenhower at Camp David, brief thaw in Cold War."
1960,1,EFTA Founded,"AT,DK,NO,PT,SE,CH,GB","European Free Trade Association created as non-supranational alternative to EEC."
1960,1,Sino-Soviet Split Begins,"CN,USSR","Ideological rift over de-Stalinisation and border issues; USSR withdraws all experts and aid, pushing China toward self-reliance and Third World leadership."
1960,8,Wind of Change Speech & African Decolonisation Acceleration,"GB + new African members vs ZA","Macmillan signals end of British tolerance for white-minority rule; accelerates independence wave and isolates South Africa within Commonwealth."
1960,12,Sharpeville Massacre,"South Africa","Police kill dozens of anti-apartheid protesters, galvanizing global opposition to apartheid regime."
1960,18,U-2 Spy Plane Incident,"United States, Soviet Union","US reconnaissance plane shot down over USSR; crisis leads to collapse of Paris Summit."
1960,26,Congo Independence & Crisis Onset,"Belgium, Republic of the Congo","Independence granted; immediate army mutiny and provincial secessions trigger major Cold War crisis."
1960,27,"Year of Africa" Mass Independence,"FR + 14 colonies (SN,CI,ML,NE,BF,TD,CF,GA,CG,BJ,TG,MR,DJ,MA)","14 French African colonies gain full independence; France secretly signs defence pacts and retains strategic bases to maintain influence."
1960,33,Cyprus Independence,"Cyprus, United Kingdom","Island becomes independent republic after anti-colonial struggle."
1960,37,Founding of OPEC,"IR,IQ,KW,SA,VE","OPEC established at Baghdad Conference to coordinate petroleum policies and counter Western oil majors."
1960,40,Jacques Foccart's "African Cell" Established,"FR + pro-French African leaders","De Gaulle appoints Foccart to run parallel diplomacy, secret services, coups and personal networks; core mechanism of Françafrique for next 40 years."
1960,50,OECD Convention Signed,"OEEC members, US, CA","Convention signed in Paris transforming OEEC into OECD and adding North American members."
1961,1,Qatar Joins OPEC,"QA,OPEC members","Qatar admitted as first new member."
1961,7,Kuwait Joins Arab League,"KW,Arab League","Kuwait admitted shortly after independence."
1961,16,Albania Breaks with USSR & Aligns with China,"AL,USSR,CN","Albania denounces Khrushchev, leaves Warsaw Pact orbit and becomes China's main European ally."
1961,16,Bay of Pigs Invasion,"United States, Cuban exiles, Cuba","Failed CIA-backed attempt to overthrow Fidel Castro."
1961,19,South Africa Leaves Commonwealth,"ZA,Commonwealth","Apartheid policy forces withdrawal; creates lasting diplomatic isolation and deepens rift with new African & Asian members."
1961,22,South Africa Republic & Commonwealth Exit,"South Africa","South Africa leaves British Commonwealth after becoming a republic amid apartheid opposition."
1961,23,Vienna Summit,"USA (Kennedy), USSR (Khrushchev)","Tense first meeting between Kennedy and Khrushchev over Berlin and nuclear issues."
1961,36,1st NAM Summit (Belgrade),"25 founding members led by YU (Tito), EG (Nasser), IN (Nehru), ID (Sukarno), GH (Nkrumah)","Non-Aligned Movement formally established; 25 countries reject Cold War bloc politics."
1961,39,OEEC Transforms into OECD,"OEEC members + US, CA","OECD officially established on 30 September, succeeding OEEC with expanded mandate."
1961,43,Checkpoint Charlie Confrontation,"United States, Soviet Union","Major tank standoff between US and Soviet forces in Berlin."
1961,51,Indian Annexation of Goa,"India, Portugal","India seizes Portuguese enclave of Goa in Operation Vijay."
1962,1,Libya & Indonesia Join,"LY,ID,OPEC members","Libya and Indonesia admitted."
1962,7,Algeria Joins Arab League,"DZ,Arab League","Algeria admitted after independence from France."
1962,23,Mongolia Joins Comecon,"MN,Comecon members","Mongolia becomes first non-European member."
1962,27,Rwanda and Burundi Independence,"Belgium, Rwanda, Burundi","Belgium grants independence to its former trust territories Rwanda and Burundi."
1962,27,Algerian Independence,"FR,DZ","End of brutal war; grants independence but triggers OAS terrorism and strains French ties with Arab world."
1962,27,Algerian Independence,"France, Algeria","Algeria gains full independence from France after the Algerian War."
1962,32,Jamaica Independence,"Jamaica, United Kingdom","Jamaica becomes independent within the British Commonwealth."
1962,35,Trinidad and Tobago Independence,"Trinidad and Tobago, United Kingdom","Trinidad and Tobago achieves independence from Britain."
1962,39,North Yemen Revolution,"Yemen","Military coup overthrows monarchy; begins North Yemen Civil War with Egyptian involvement."
1962,41,Uganda Independence,"Uganda, United Kingdom","Uganda gains independence from British rule."
1962,42,Sino-Indian War,"China, India","Chinese forces invade disputed Himalayan border areas with India."
1962,42,Cuban Missile Crisis,"United States, Soviet Union, Cuba","Discovery of Soviet nuclear missiles in Cuba leads to 13-day superpower confrontation."
1963,3,French Veto of UK EEC Entry,"France, United Kingdom, EEC","De Gaulle blocks British application to join European Economic Community."
1963,6,Ba'athist Coup in Iraq,"Iraq","Military coup installs Ba'ath Party government under Abdul Salam Arif."
1963,7,De Gaulle Vetoes UK EEC Entry,"GB,FR + CA,AU,NZ","French rejection forces Commonwealth exporters to seek new markets in US, Japan and Asia; accelerates economic diversification away from UK."
1963,32,Partial Nuclear Test Ban Treaty,"United States, United Kingdom, Soviet Union","Landmark arms control agreement bans nuclear tests in atmosphere, outer space and underwater."
1963,38,Formation of Federation of Malaysia,"Malaysia, United Kingdom, Singapore, Sabah, Sarawak","New federation established including former British territories."
1963,44,Coup Against Ngo Dinh Diem,"South Vietnam, United States","Military coup overthrows and kills South Vietnamese president with tacit US approval."
1963,50,Kenya Independence,"Kenya, United Kingdom","Kenya gains full independence from Britain under Jomo Kenyatta."
1964,3,Zanzibar Revolution,"Zanzibar revolutionaries","Overthrow of the Sultan leads to republic and later union with Tanganyika forming Tanzania."
1964,7,French Troops Restore President in Gabon,"FR,GA","French paratroopers intervene within hours of coup against Léon M'ba; restores pro-French regime and sets precedent for repeated military interventions."
1964,12,Secret Defence & Cooperation Pacts Signed,"FR + 8 new states (GA,TD,CF,CG,SN,CI,NE,BF)","France signs bilateral agreements granting permanent troop presence, intervention rights and control of key resources; legal backbone of Françafrique."
1964,14,Brazilian Military Coup,"Brazilian military","Coup overthrows President Goulart; begins 21-year military dictatorship."
1964,18,Japan Joins OECD,"JP, OECD members","Japan becomes first Asian member."
1964,22,Founding of the PLO,"Palestine Liberation Organization, Arab League","PLO established to advance Palestinian cause and oppose Israel."
1964,28,Malawi Independence,"Malawi, United Kingdom","Nyasaland gains independence from Britain under Hastings Banda."
1964,32,Gulf of Tonkin Incident,"United States, North Vietnam","Alleged naval clashes lead to US resolution authorizing Vietnam War escalation."
1964,39,Malta Independence,"Malta, United Kingdom","Malta achieves independence from Britain."
1964,41,2nd Summit (Cairo),"NAM members","Focus on decolonization, disarmament and economic sovereignty; membership grows rapidly."
1964,42,Khrushchev Ousted,"Soviet Union","Nikita Khrushchev removed; Leonid Brezhnev takes leadership."
1964,43,Zambia Independence,"Zambia, United Kingdom","Northern Rhodesia becomes independent under Kenneth Kaunda."
1965,7,Gambia Independence,"Gambia, United Kingdom","Gambia gains full independence from British colonial rule."
1965,10,First US Combat Troops Land in Vietnam,"United States, South Vietnam","First US Marines arrive in Da Nang, marking major escalation of direct US involvement."
1965,18,Dominican Republic Intervention,"United States,Dominican Republic","US Marines invade to prevent perceived leftist takeover after coup; first post-WWII direct US military action in Latin America."
1965,32,Singapore Independence,"Singapore, Malaysia","Singapore separates from Federation of Malaysia and becomes sovereign state."
1965,36,Indo-Pakistani War of 1965,"India, Pakistan","Major border war erupts over Kashmir, ends in ceasefire after intense fighting."
1965,40,Indonesia Post-Coup Flip,"ID,USSR/CN → US/Western","Started Soviet/China tilt (Sukarno era); 1965-66 anti-communist coup & Suharto rise → pro-Western (US aid & alignment)."
1965,46,Rhodesian Unilateral Declaration of Independence,"Rhodesia (Ian Smith)","White minority government declares independence from Britain, triggering international crisis."
1965,46,Rhodesian UDI & Commonwealth Sanctions,"Rhodesia (Ian Smith),GB,Commonwealth","White-minority declaration triggers mandatory UN/Commonwealth sanctions; major test of Commonwealth cohesion."
1966,3,First Nigerian Military Coup,"Nigeria","Military coup overthrows civilian government; Major General Johnson Aguiyi-Ironsi seizes power."
1966,8,Ghanaian Coup d'État,"Ghanaian military","Armed forces overthrow President Kwame Nkrumah while he is abroad."
1966,10,France Exits NATO Integrated Command,"France, NATO","Charles de Gaulle announces withdrawal from NATO's military structure."
1966,21,Guyana Independence,"Guyana, United Kingdom","British Guiana becomes independent state within the Commonwealth."
1966,30,Nigerian July Counter-Coup,"Nigeria","Northern-led coup topples Ironsi; Lt. Col. Yakubu Gowon takes control."
1966,39,Botswana Independence,"Botswana, United Kingdom","Bechuanaland Protectorate gains full independence."
1966,40,Lesotho Independence,"Lesotho, United Kingdom","Basutoland becomes the independent Kingdom of Lesotho."
1966,48,Barbados Independence,"Barbados, United Kingdom","Barbados achieves independence from the United Kingdom."
1967,1,UAE (Abu Dhabi) Joins,"AE,OPEC members","Abu Dhabi (later full UAE) admitted."
1967,16,Greek Colonels' Coup,"Greece","Military junta overthrows democratic government; begins seven-year dictatorship."
1967,22,Biafra Secession from Nigeria,"Nigeria, Biafra","Eastern region declares independence, igniting the Nigerian Civil War."
1967,23,Six-Day War,"IL,EG,SY,JO + US,USSR","Israel preemptively defeats Egypt, Syria and Jordan in six days; USSR breaks diplomatic ties with Israel; US becomes primary arms supplier, cementing special US-Israel relationship."
1967,23,France Imposes Arms Embargo on Israel,"FR,IL","After Six-Day War, de Gaulle bans arms sales to Israel; shifts France toward Arab states."
1967,32,ASEAN Founded,"ID,MY,PH,SG,TH","Bangkok Declaration signed; Association of Southeast Asian Nations established."
1967,41,Execution of Che Guevara,"Bolivia","Legendary guerrilla leader killed after capture in Bolivia."
1967,45,UK Pound Devaluation & End of Sterling Area,"GB + CA,AU,NZ,ZA,MY,SG","Sterling crisis destroys preferential currency bloc; forces Commonwealth nations to float or peg elsewhere, completing economic decoupling."
1967,48,South Yemen Independence,"United Kingdom, South Yemen","End of British rule in Aden; new socialist state created."
1968,5,Tet Offensive,"North Vietnam, Viet Cong, United States, South Vietnam","Massive coordinated attacks across South Vietnam mark major turning point in the war."
1968,11,Mauritius Independence,"Mauritius, United Kingdom","Island nation gains full independence from Britain."
1968,18,UK East of Suez Withdrawal Announced,"GB,AU,NZ,SG,MY","Britain abandons permanent military presence east of Suez; prompts Australia & New Zealand to deepen US & Japanese security ties."
1968,27,Nuclear Non-Proliferation Treaty,"United States, Soviet Union, United Kingdom + 59 others","Landmark treaty opens for signature to prevent nuclear spread."
1968,32,Albania Withdraws from Warsaw Pact,"AL,Warsaw Pact members","Albania officially leaves after aligning with China."
1968,34,Soviet Invasion of Czechoslovakia,"USSR & Warsaw Pact, Czechoslovakia","Troops crush Prague Spring reforms."
1968,41,Equatorial Guinea Independence,"Equatorial Guinea, Spain","Former Spanish colony becomes independent."
1969,1,Algeria Joins OPEC,"DZ,OPEC members","Algeria admitted amid rising resource nationalism."
1969,5,Finland Joins OECD,"FI, OECD members","Finland accedes as full member."
1969,9,Sino-Soviet Border Clashes (Zhenbao Island),"CN,USSR","Armed conflict along Ussuri River; peak of Sino-Soviet split and near-war between communist giants."
1969,20,13 May Incident,"Malaysia","Race riots in Kuala Lumpur trigger emergency rule and political restructuring."
1969,28,Football War,"SV,HN","100-hour border war triggered by World Cup qualifier; kills thousands, severs diplomatic ties for over a decade and poisons Central American integration efforts."
1969,30,Nixon Doctrine Announced,"United States, Asian allies","US policy shift: allies must provide own defense with American aid only."
1969,36,Libya Gaddafi Coup,"LY,US/UK/Western → USSR","Started pro-Western (US/UK bases & monarchy); Gaddafi coup nationalized oil → Soviet arms & alignment."
1969,43,Willy Brandt Elected Chancellor,"West Germany","Brandt launches Ostpolitik détente with Eastern Bloc."
1970,3,End of Biafran War,"Nigeria, Republic of Biafra","Biafra surrenders after three-year civil war; massive humanitarian crisis ends."
1970,10,NPT Enters into Force,"US, USSR, UK + signatories","Nuclear Non-Proliferation Treaty officially becomes international law."
1970,12,Lon Nol Coup in Cambodia,"Cambodia (Lon Nol)","Military coup overthrows neutralist Prince Sihanouk, tilting Cambodia toward US."
1970,18,Cambodia Incursion,"United States, South Vietnam","US and ARVN forces invade Cambodia targeting Viet Cong sanctuaries."
1970,33,Treaty of Moscow,"West Germany, Soviet Union","Key Ostpolitik agreement; FRG accepts postwar borders with Eastern Europe."
1970,37,3rd Summit (Lusaka),"NAM members","Lusaka Declaration strengthens anti-colonial stance and support for liberation movements in Africa."
1970,39,Black September,"Jordan, PLO","Jordanian army clashes with Palestinian guerrillas; PLO expelled from Jordan."
1970,41,Fiji Independence,"Fiji, United Kingdom","Pacific island nation becomes independent from Britain."
1971,1,Nigeria Joins OPEC,"NG,OPEC members","Nigeria becomes first sub-Saharan African member."
1971,4,Idi Amin Coup,"Uganda","Major General Idi Amin seizes power in military coup, overthrowing President Milton Obote."
1971,13,Bangladesh Liberation War Begins,"Pakistan, Bangladesh","Operation Searchlight launches Pakistani crackdown; Sheikh Mujibur declares independence."
1971,23,France Recognises PRC,"FR,CN","De Gaulle-era policy continued; France becomes first Western power to establish full diplomatic ties with Beijing."
1971,23,Australia Joins OECD,"AU, OECD members","Australia admitted, expanding to Oceania."
1971,28,Nixon Announces Visit to China,"United States, China","President Nixon shocks world by revealing 1972 trip to PRC, starting rapprochement."
1971,32,Indo-Soviet Treaty Signed,"India, Soviet Union","20-year Treaty of Peace, Friendship and Cooperation strengthens ties."
1971,35,Five Power Defence Arrangements Signed,"GB,AU,NZ,MY,SG","Replaces British role in Malaysia/Singapore; subtle shift strengthening Australia-New Zealand defence links with Southeast Asia."
1971,43,UN Seats PRC Instead of ROC,"CN,TW,UN","UN General Assembly expels Taiwan and recognises Beijing; major diplomatic victory for China, isolating Taiwan internationally."
1971,43,PRC Admitted to United Nations,"United Nations, China, Taiwan","UN votes to seat People's Republic of China and expel Taiwan."
1971,43,UN General Assembly Recognises PRC,"CN,TW,UN","Resolution 2758 expels ROC and seats Beijing; major diplomatic breakthrough, ends China's international isolation."
1971,48,United Arab Emirates Founded,"UAE Emirates, United Kingdom","Federation of seven emirates established after British withdrawal from Gulf."
1971,49,Indo-Pakistani War of 1971,"India, Pakistan","13-day war ends with Pakistani surrender; Bangladesh becomes independent."
1972,5,Bloody Sunday,"United Kingdom, Northern Ireland","British troops shoot 26 unarmed protesters in Derry; major escalation of The Troubles."
1972,8,Nixon Visits China,"US,CN","Historic Shanghai Communiqué begins US-China rapprochement; shifts global Cold War dynamics and isolates Soviet Union."
1972,8,Nixon Visits Beijing,"US,CN","Historic Shanghai Communiqué normalises relations; US acknowledges "one China" policy; seismic shift in Cold War alignments against USSR."
1972,8,China-US Rapprochement,"CN,USSR → US/Western","Started Soviet-aligned (until 1960 split); Nixon visit & Shanghai Communiqué → major US tilt against USSR."
1972,21,Nixon Moscow Summit & SALT I,"United States, Soviet Union","Nixon visits USSR; first Strategic Arms Limitation Treaty signed."
1972,27,Cuba Joins Comecon,"CU,Comecon members","Cuba admitted as full member."
1972,32,Expulsion of Asians from Uganda,"Uganda (Idi Amin)","Amin orders expulsion of 80,000 Asians, creating refugee crisis."
1972,36,Japan Normalises Relations with PRC,"JP,CN","Tokyo recognises Beijing and severs official ties with Taiwan; ends Japan's recognition of ROC."
1972,38,Marcos Declares Martial Law,"Philippines","President Ferdinand Marcos imposes nationwide martial law."
1973,1,UK Joins EEC & Abolishes Commonwealth Preference,"GB,EEC + CA,AU,NZ","End of imperial tariff preferences causes immediate trade shocks; forces Canada, Australia & New Zealand into bilateral deals with US & Japan."
1973,1,First EEC Enlargement,"GB,DK,IE,EEC members","United Kingdom, Denmark and Ireland join EEC."
1973,1,EFTA Losses,"GB,DK,EFTA members","United Kingdom and Denmark leave EFTA to join EEC."
1973,4,Paris Peace Accords,"United States, North Vietnam, South Vietnam, Viet Cong","Ceasefire signed ending direct US military role in Vietnam War."
1973,22,New Zealand Joins OECD,"NZ, OECD members","New Zealand joins."
1973,27,Treaty of Chaguaramas Signed,"BB,GY,JM,TT","CARICOM founded by Barbados, Guyana, Jamaica and Trinidad & Tobago."
1973,28,Bahamas Independence,"Bahamas, United Kingdom","Bahamas gains full independence from British rule."
1973,29,Afghan Coup d'État,"Afghanistan (Mohammad Daoud Khan)","Coup overthrows monarchy; Daoud establishes republic and shifts toward Soviet ties."
1973,36,4th Summit (Algiers),"NAM members","Adopts New International Economic Order (NIEO) demands; major push for global economic justice."
1973,37,Chile Coup (Operation FUBELT),"United States,Chile","CIA-supported military overthrow of elected socialist President Allende; installs Pinochet dictatorship, major Latin American flashpoint."
1973,37,Chilean Coup d'État,"Chile (Augusto Pinochet), Salvador Allende","Military coup topples Allende; Pinochet begins dictatorship."
1973,40,Yom Kippur War & Arab Oil Embargo,"IL,EG,SY + Arab OPEC states,US","Egypt and Syria launch surprise attack; Arab OPEC imposes oil embargo on US and Netherlands for supporting Israel; triggers global energy crisis and strains US-European relations."
1973,40,Yom Kippur War & French Oil Diplomacy,"FR,Arab states","France refuses to support US airlift to Israel and maintains pro-Arab stance to secure oil."
1973,42,1973 Oil Embargo,"Arab OPEC members (led by SA)","OPEC imposes oil embargo on US, Netherlands and other Israel supporters during Yom Kippur War; quadruples global prices and triggers Western energy crisis."
1974,6,Grenada Independence,"Grenada, United Kingdom","Grenada gains full independence from British colonial rule."
1974,17,Carnation Revolution,"Portugal","Bloodless military coup ends Salazar-era dictatorship and accelerates decolonization."
1974,27,Caribbean Island Nations Join CARICOM,"AG,DM,GD,KN,LC,VC,MS,BB,GY,JM,TT","Antigua, Dominica, Grenada, St Kitts, St Lucia, St Vincent and Montserrat join."
1974,29,Cypriot Coup d'État,"Cyprus, Greece","Greek-backed coup overthrows President Makarios, triggering crisis."
1974,30,Turkish Invasion of Cyprus,"Turkey, Cyprus","Turkey invades northern Cyprus; leads to de facto partition."
1974,37,Ethiopia Revolution Flip,"ET,US/Western → USSR","Started pro-Western (US military aid under Emperor); 1974 Marxist revolution → full Soviet alignment & Cuban troops."
1974,50,Malta Becomes Republic,"Malta","Malta abolishes monarchy and becomes a republic within Commonwealth."
1975,15,Start of Lebanese Civil War,"Lebanon","Militia clashes erupt in Beirut; begins 15-year civil war."
1975,16,Khmer Rouge Captures Phnom Penh,"Cambodia (Khmer Rouge)","Pol Pot's forces seize capital; ends Khmer Republic."
1975,18,Fall of Saigon,"North Vietnam, South Vietnam","Saigon falls; end of Vietnam War and US involvement."
1975,26,Mozambique Independence,"Mozambique, Portugal","Former colony gains independence after Carnation Revolution."
1975,31,Helsinki Accords Signed,"35 nations (US, USSR, Europe)","Final Act of CSCE; recognizes postwar borders and human rights."
1975,38,Papua New Guinea Independence,"Papua New Guinea, Australia","Gains full independence from Australian administration."
1975,46,Angola Independence,"Angola, Portugal","Independence granted; immediately triggers civil war."
1976,13,Argentine Military Coup,"Argentina (Videla junta)","Armed forces overthrow Isabel Perón; start of military dictatorship and Dirty War."
1976,25,Soweto Uprising,"South Africa","Student protests against apartheid brutally suppressed; sparks nationwide revolt."
1976,27,Seychelles Independence,"Seychelles, United Kingdom","Indian Ocean island nation gains full independence from Britain."
1976,27,Vietnam Reunification,"North Vietnam, South Vietnam","Official unification as Socialist Republic of Vietnam."
1976,27,Entebbe Raid,"Israel, Uganda","Israeli commandos rescue hostages at Entebbe Airport."
1976,34,5th Summit (Colombo),"NAM members","Emphasizes economic cooperation and South-South solidarity amid oil crisis."
1977,26,SEATO Dissolved,"SEATO members","SEATO officially disbanded after losing relevance post-Vietnam War."
1977,26,Djibouti Independence,"Djibouti, France","Former French territory gains independence in the Horn of Africa."
1977,29,Ogaden War Begins,"Somalia, Ethiopia","Somalia invades Ethiopia's Ogaden region; major Cold War proxy conflict."
1977,29,Ogaden War: Soviet-Cuban Shift to Ethiopia,"CU,USSR,ET,SO","USSR and Cuba abandon Somalia and massively aid Ethiopia, defeating Somali invasion."
1977,29,Ogaden War (Ethiopia-Somalia Clash),"ET,SO,CU,USSR,US,CN,SA,EG,IR","USSR/Cuba switch to back Ethiopia; Somalia supported by US (arms/intelligence shift), China (anti-Soviet), Saudi Arabia, Egypt, Iran (Shah-era)."
1977,36,Torrijos–Carter Treaties Signed,"United States, Panama","Agreement for US to transfer Panama Canal control to Panama by 1999."
1977,47,Sadat's Visit to Jerusalem,"Egypt, Israel","Anwar Sadat makes historic visit to Israel, opening path to peace negotiations."
1978,9,Rhodesian Internal Settlement,"Rhodesia, moderate black leaders","Ian Smith signs agreement with moderate black leaders for transition to majority rule."
1978,17,Saur Revolution,"Afghanistan","Communist coup overthrows President Daoud Khan; pro-Soviet regime under Taraki established."
1978,25,Vietnam Joins Comecon,"VN,Comecon members","Vietnam becomes last major member."
1978,27,Solomon Islands Independence,"Solomon Islands, United Kingdom","Pacific nation gains full independence from Britain."
1978,32,China-Japan Peace Treaty,"China, Japan","Treaty of Peace and Friendship signed, normalizing ties and countering Soviet influence."
1978,37,Camp David Accords,"IL,EG,US","Israel and Egypt reach historic peace framework under US mediation; Egypt becomes first Arab state to recognise Israel."
1978,44,Dominica Independence,"Dominica, United Kingdom","Caribbean island gains independence from Britain."
1978,49,Deng Xiaoping Launches Reform & Opening,"CN,US,JP,EU","Four Modernisations policy begins; US, Japan and Europe pour in investment and technology, transforming China from isolated pariah to economic partner."
1978,50,US-China Normalization Announced,"United States, People's Republic of China","Full diplomatic relations announced, major Cold War shift."
1978,50,Beagle Channel Crisis,"AR,CL","Near-war over islands in Beagle Channel; Argentina mobilizes troops, averted only by papal mediation; longest-running territorial flashpoint in South America."
1978,52,Vietnam Invades Cambodia,"VN,USSR,KH (Khmer Rouge)","Vietnam (Soviet-backed) overthrows China-backed Pol Pot regime; triggers major intra-communist war."
1978,52,Vietnam Invasion of Cambodia,"Vietnam, Cambodia (Khmer Rouge)","Vietnamese forces overthrow Pol Pot regime."
1978,52,Vietnam Ousts Pol Pot (Cambodia Invasion),"VN,USSR,KH (Khmer Rouge),CN,US,TH,GB,FR","Vietnam (Soviet-backed) invades; Khmer Rouge supported by China (main backer + 1979 punitive invasion of Vietnam) and West (US/UK/France/Thailand diplomatic & logistical support to keep Khmer Rouge UN seat & isolate Vietnam)."
1979,3,Shah Flees Iran,"United States, Iran","Shah Mohammad Reza Pahlavi flees into exile; US grants him medical asylum later that year."
1979,3,US-PRC Normalisation & Taiwan Relations Act,"US,CN,TW","US switches diplomatic recognition to Beijing; Congress passes Taiwan Relations Act guaranteeing defensive arms to Taiwan."
1979,3,US-PRC Full Diplomatic Normalisation,"US,CN,TW","Carter administration switches recognition from Taipei to Beijing; Taiwan Relations Act passed simultaneously to maintain unofficial US-Taiwan defence ties."
1979,5,Iranian Revolution Triumphs,"Iran","Ayatollah Khomeini returns from exile; Islamic Republic declared, ending US-backed monarchy."
1979,7,China Invades Vietnam,"CN,VN","China launches punitive war against Soviet-aligned Vietnam in retaliation for Cambodia invasion."
1979,10,Iranian Revolution Oil Shock,"IR,OPEC","Iranian Revolution causes second major global oil crisis and price spike."
1979,13,Egypt-Israel Peace Treaty,"Egypt (Sadat), Israel (Begin), United States","Historic treaty signed at White House; first Arab state to recognize Israel."
1979,13,Egypt Camp David Flip,"EG,USSR → US/Western","Started Soviet-aligned (post-1956); Sadat Camp David Accords with Israel → full US alliance & aid."
1979,13,Egypt-Israel Peace Treaty Signed,"IL,EG,US","Formal peace treaty ends 30 years of war; Egypt expelled from Arab League, receives massive US military/economic aid; Arab states impose diplomatic boycott on Egypt."
1979,15,Egypt Suspended from Arab League,"EG,Arab League","Egypt suspended after signing Camp David Accords with Israel."
1979,25,SALT II Treaty Signed,"United States (Carter), Soviet Union (Brezhnev)","Strategic Arms Limitation Talks II agreement signed in Vienna."
1979,29,Saddam Hussein Takes Power,"Iraq","Saddam becomes President of Iraq after forcing out al-Bakr."
1979,29,Sandinista Victory in Nicaragua,"Nicaragua","Sandinista rebels overthrow Somoza dictatorship."
1979,36,6th Summit (Havana),"NAM members (chaired by CU)","Castro's chairmanship sparks controversy over Soviet alignment; 95 members attend."
1979,45,Operation Barracuda Overthrows Bokassa,"FR,CF","French special forces depose Emperor Jean-Bédel Bokassa and reinstall David Dacko; textbook Françafrique regime-change operation."
1979,45,Iran Hostage Crisis Begins,"United States, Iran","Iranian students seize US Embassy in Tehran, holding 52 Americans for 444 days."
1979,50,Lancaster House Agreement,"GB,Rhodesia,Zimbabwe Patriotic Front","Ends 15-year Bush War; paves way for Zimbabwe independence and rapid Commonwealth re-engagement with southern Africa."
1979,52,Afghanistan Soviet Invasion,"AF,Non-aligned/NAM → USSR","Started Non-Aligned; Soviet invasion installed communist regime → full Soviet alignment (until 1989 withdrawal)."
1979,52,Soviet Invasion of Afghanistan,"Soviet Union, Afghanistan","USSR invades Afghanistan to prop up communist government; starts decade-long war."
1980,4,Carter Doctrine Announced,"United States","President Carter declares Persian Gulf a vital US interest to be defended by military force if necessary."
1980,12,US Announces Moscow Olympics Boycott,"United States and allies","Carter orders boycott of Summer Olympics in protest against Soviet invasion of Afghanistan."
1980,16,Zimbabwe Independence,"United Kingdom, Zimbabwe","Former Rhodesia becomes independent under Robert Mugabe after Lancaster House Agreement."
1980,17,Failed Iran Hostage Rescue (Eagle Claw),"United States, Iran","Disastrous US special forces mission to rescue embassy hostages aborts with 8 American deaths."
1980,19,Yugoslavia's Non-Aligned Leadership After Tito,"YU + Non-Aligned Movement","Tito dies; Yugoslavia maintains distance from both USSR and China blocs."
1980,19,Iraq Iran-Iraq War Shift,"IQ,USSR → US/Western tilt","Started Soviet-aligned (major arms buyer); tilted to US during Iran-Iraq War (US intelligence & dual-use tech)."
1980,33,Zimbabwe Joins Commonwealth,"ZW,Commonwealth","New majority-rule state admitted; symbolic victory for Commonwealth anti-colonial stance."
1980,37,Turkish Military Coup,"Turkey","Armed forces seize power, suspend democracy and impose martial law."
1980,38,Iran-Iraq War Begins,"Iraq, Iran, United States","US tilts toward Iraq with intelligence and arms, worsening US-Iran relations and straining US-Arab ties."
1981,3,Ronald Reagan Inaugurated & Iran Hostages Released,"United States, Iran","Reagan sworn in as 40th President; 52 American hostages freed minutes later, ending 444-day crisis."
1981,1,Greece Joins EEC,"GR,EEC members","Greece becomes 10th member."
1981,21,Founding of the GCC,"BH,KW,OM,QA,SA,AE","Gulf Cooperation Council established in Abu Dhabi for economic and security cooperation among Gulf monarchies."
1981,23,Israel Destroys Iraqi Osirak Reactor,"IL,IQ + US,FR","Israeli airstrike prevents Iraq from acquiring nuclear capability; temporarily strains US-Israel ties but strengthens long-term US backing against Arab nuclear threats."
1981,33,Gulf of Sidra Incident,"United States, Libya","US Navy shoots down two Libyan jets after Gaddafi's territorial claim."
1981,38,Belize Independence,"Belize, United Kingdom","Former British Honduras gains full independence."
1981,41,Assassination of Anwar Sadat,"Egypt","President Sadat killed by Islamist militants during parade; Mubarak succeeds."
1982,13,Falklands War – US Critical Logistical Support,"GB,US,AR","US provides Sidewinder missiles & intelligence while publicly neutral; Argentina rallies Latin America against UK, straining Commonwealth-Latin ties."
1982,13,Falklands War & Latin Solidarity,"AR + most Latin states vs GB","Argentina invades Falklands; entire region (even rivals) rallies diplomatically against colonialism temporarily boosting intra-Latin unity and anti-Western sentiment."
1982,17,Sinai Withdrawal Completed,"Israel, Egypt","Israel completes full withdrawal from Sinai Peninsula per 1979 peace treaty."
1982,22,Spain Joins NATO,"ES,NATO members","Spain admitted after democratic transition."
1982,23,Israeli Invasion of Lebanon,"Israel, Lebanon, PLO","Israel launches Operation Peace for Galilee into southern Lebanon."
1983,10,7th Summit (New Delhi),"NAM members","Focus on disarmament and Palestine; India reasserts leadership under Indira Gandhi."
1983,10,Operation Manta in Chad,"FR,TD,LY","France deploys 3,000 troops to halt Libyan advance; first major post-colonial Sahel intervention to protect friendly regime."
1983,12,Strategic Defense Initiative Announced,"United States","Reagan unveils SDI ('Star Wars') missile defense program, intensifying arms race."
1983,34,Aquino Assassination,"Philippines","Opposition leader Benigno Aquino killed on return from exile; sparks anti-Marcos revolution."
1983,35,KAL 007 Shot Down,"Soviet Union, South Korea","USSR downs civilian airliner killing 269; heightens Cold War tensions."
1983,40,Central American Peace Process Begins (Contadora Group),"CO,MX,PA,VE + Central America","Four countries launch Contadora Initiative to end civil wars; first major indigenous Latin American mediation effort without US or OAS dominance."
1983,43,Beirut Barracks Bombings,"United States, Iran (Hezbollah)","Hezbollah suicide bombings kill 241 US Marines; Iran-backed attack accelerates US withdrawal from Lebanon."
1983,43,Grenada Invasion (Operation Urgent Fury),"United States,Grenada","US forces overthrow Marxist government after internal coup; first US combat operation in Caribbean since 1965."
1983,45,Able Archer 83 Crisis,"NATO, Soviet Union","Major NATO exercise triggers Soviet nuclear alert; closest to war since Cuban Missile Crisis."
1983,47,First Pershing II Missiles Deployed,"United States, West Germany","US deploys intermediate-range nuclear missiles in Europe; sparks massive protests."
1983,50,USSR Suspends Aid to Vietnam,"VN,USSR","Soviet economic crisis leads to sharp cut in subsidies to Vietnam amid Cambodian occupation costs."
1984,1,Brunei Independence,"Brunei, United Kingdom","Sultanate gains full independence ending British protectorate status."
1984,1,Brunei Joins ASEAN,"BN,ASEAN members","Brunei Darussalam admitted as sixth member shortly after independence."
1984,19,Soviet LA Olympics Boycott,"Soviet Union + allies","USSR announces boycott of Los Angeles Games in retaliation for 1980."
1984,41,Brighton Hotel Bombing,"United Kingdom, IRA","IRA assassination attempt on Margaret Thatcher fails."
1984,44,Assassination of Indira Gandhi,"India","Prime Minister killed by Sikh bodyguards; triggers anti-Sikh riots."
1984,45,Ronald Reagan Re-elected,"United States","Landslide victory over Walter Mondale."
1984,51,Sino-British Joint Declaration,"China, United Kingdom","Agreement signed handing Hong Kong back to China in 1997."
1985,6,Reagan Doctrine Announced,"United States","Reagan declares US support for anti-communist "freedom fighters" worldwide."
1985,11,Death of Chernenko & Gorbachev Succeeds,"Soviet Union","Chernenko dies; Mikhail Gorbachev becomes General Secretary and begins perestroika/glasnost reforms."
1985,24,Schengen Agreement Signed,"BE,FR,DE,LU,NL","Five countries sign to abolish internal border controls."
1985,24,TWA Flight 847 Hijacking,"United States, Shi'ite militants (Hezbollah), Lebanon","Shi'ite gunmen seize TWA airliner; 39 Americans held hostage for 17 days."
1985,28,Rainbow Warrior Bombing Crisis,"NZ,FR","French DGSE sinks Greenpeace ship in Auckland; leads to two-year diplomatic freeze, UN condemnation and French reparations – direct military clash between Commonwealth & NATO member."
1985,29,South Africa State of Emergency,"South Africa","Government declares nationwide emergency amid anti-apartheid uprisings."
1985,39,Plaza Accord Signed,"G5 nations (US, Japan, West Germany, France, UK)","Major currency realignment devalues dollar to address global trade imbalances."
1985,47,Reagan-Gorbachev Geneva Summit,"United States, Soviet Union","First summit between Reagan and Gorbachev; begins end of Cold War tensions."
1986,1,Spain & Portugal Join EEC,"ES,PT,EEC members","Iberian enlargement; Portugal leaves EFTA."
1986,6,Duvalier Flees Haiti,"Haiti","Baby Doc Duvalier overthrown and flees into exile, ending 29-year Duvalier family dictatorship."
1986,8,Single European Act Signed,"EEC members","Major reform to complete the Single Market by 1992."
1986,9,People Power Revolution,"Philippines","Non-violent uprising ousts Ferdinand Marcos; Corazon Aquino sworn in as president."
1986,16,US Bombing of Libya (Operation El Dorado Canyon),"United States,Libya","Airstrikes on Tripoli and Benghazi in retaliation for Berlin disco bombing; direct US military confrontation with Gaddafi regime."
1986,36,8th Summit (Harare),"NAM members","Strong support for anti-apartheid struggle; Zimbabwe hosts amid African decolonization wave."
1986,38,Nassau CHOGM & Commonwealth Split on South Africa Sanctions,"Commonwealth (Thatcher vs African/Asian majority)","Deep internal division over apartheid sanctions; exposes limits of Commonwealth influence on UK policy."
1986,41,Reykjavik Summit,"United States (Reagan), Soviet Union (Gorbachev)","Historic arms control talks nearly achieve major nuclear reductions but collapse over SDI."
1986,45,Iran-Contra Scandal Revealed,"United States","Secret US arms sales to Iran and funding of Nicaraguan Contras exposed, major political crisis."
1987,16,Turkey Applies for EC Membership,"TR,EEC","Turkey submits formal application to join."
1987,20,USS Stark Incident,"United States, Iraq","Iraqi aircraft attacks US frigate USS Stark in Persian Gulf, killing 37 American sailors."
1987,30,Tanker War Escalation,"United States, Iran","US Navy begins escorting Kuwaiti tankers; direct clashes with Iranian forces in Persian Gulf."
1987,31,Mecca Massacre,"Saudi Arabia, Iran","Violent clash during Hajj kills over 400 mostly Iranian pilgrims; diplomatic crisis follows."
1987,45,Tunisian Coup d'État,"Tunisia","Prime Minister Ben Ali deposes President Habib Bourguiba in bloodless coup."
1987,49,INF Treaty Signed,"United States, Soviet Union","Reagan and Gorbachev sign treaty eliminating all intermediate-range nuclear missiles."
1987,50,First Intifada Begins,"Israel, Palestinians","Widespread Palestinian uprising starts in occupied Gaza Strip and West Bank."
1988,22,Reagan-Gorbachev Moscow Summit,"United States, Soviet Union","Reagan visits Moscow; first US president to do so since WWII, advances arms control."
1988,27,US Shoots Down Iran Air 655,"United States, Iran","US Navy cruiser Vincennes downs civilian airliner killing 290; heightens Gulf tensions."
1988,34,Iran-Iraq War Ceasefire,"Iran, Iraq","UN-brokered ceasefire ends eight-year war after one million deaths."
1988,45,George H.W. Bush Elected US President,"United States","Bush defeats Dukakis, continues Reagan's Cold War policies."
1989,5,Egypt Readmitted to Arab League,"EG,Arab League","Egypt reinstated after 10-year suspension."
1989,7,Completion of Soviet Withdrawal from Afghanistan,"Soviet Union, Afghanistan","Last Soviet troops leave Afghanistan, ending nine-year occupation."
1989,23,Tiananmen Square Crackdown & Western Sanctions,"CN,US,EU,JP","Military suppression of protests triggers arms embargoes, aid cuts and diplomatic freeze from US, EU and Japan; lasting damage to China's image in West."
1989,23,Tiananmen Square Crackdown,"China","Chinese army violently suppresses pro-democracy protests in Beijing."
1989,23,Polish Semi-Free Elections,"Poland","Solidarity wins landslide victory in first partially free elections in Eastern Bloc."
1989,36,9th Summit (Belgrade),"NAM members","Last summit before Cold War ends; Yugoslavia still chairs but facing internal crisis."
1989,42,Hungary Opens Border with Austria,"Hungary, Austria","Hungary removes border fence, allowing East Germans to escape to the West."
1989,47,Velvet Revolution,"Czechoslovakia","Mass protests lead to peaceful overthrow of communist regime."
1989,49,Malta Summit,"United States, Soviet Union","Bush and Gorbachev meet and declare the Cold War over."
1989,51,Panama Invasion (Operation Just Cause),"United States,Panama","US forces remove and arrest dictator Manuel Noriega on drug charges; largest US military operation since Vietnam."
1990,7,Nelson Mandela Released,"South Africa","After 27 years in prison, anti-apartheid leader Nelson Mandela is freed, accelerating end of apartheid."
1990,10,Lithuania Declares Independence,"LT,USSR","First Soviet republic to declare restoration of independence (March 11)."
1990,12,Namibia Independence,"Namibia, South Africa","Last major African colony gains full independence under UN supervision."
1990,21,Yemen Unification,"North Yemen, South Yemen","North and South Yemen merge to form unified Republic of Yemen."
1990,23,Russia Declares Sovereignty,"RU,USSR","Russian SFSR declares sovereignty, setting stage for power struggle."
1990,26,La Baule Speech: Aid Linked to Democracy,"FR + African heads of state","Mitterrand conditions future French aid on multi-party democracy; first public signal that unconditional support for dictators is ending."
1990,31,Iraq Invades Kuwait,"IQ,KW,OPEC","Iraqi invasion of fellow OPEC member triggers First Gulf War and global oil supply shock."
1990,32,Operation Desert Shield Begins,"United States + 34-nation coalition","US-led military buildup in Saudi Arabia to deter further Iraqi aggression."
1990,40,German Reunification,"East Germany, West Germany","Official reunification of Germany after 45 years of division."
1990,47,Charter of Paris Signed,"35 nations (CSCE)","Historic agreement formally declares end of the Cold War in Europe."
1990,47,Thatcher Resigns,"United Kingdom","Margaret Thatcher forced to resign as Prime Minister after 11 years."
1991,3,Operation Desert Storm Begins,"United States + 34-nation coalition, Iraq","US-led coalition launches air campaign against Iraq to liberate Kuwait."
1991,9,Gulf War – Iraqi Scud Attacks on Israel,"IQ,IL,US","Iraq launches Scud missiles at Israel during Gulf War; US persuades Israel not to retaliate, preserving Arab coalition against Saddam."
1991,9,Gulf War Ceasefire,"Coalition forces, Iraq","Kuwait liberated; ground war ends in 100 hours."
1991,13,Treaty of Asunción Signed,"AR,BR,PY,UY","Mercosur founded as Southern Common Market."
1991,26,Slovenia & Croatia Declare Independence,"Yugoslavia, Slovenia, Croatia","Breakup of Yugoslavia begins, triggering the Yugoslav Wars."
1991,26,Dissolution of Comecon,"All Comecon members","Comecon formally dissolved."
1991,27,Dissolution of Warsaw Pact,"All Warsaw Pact members","Warsaw Treaty Organization officially disbanded in Prague."
1991,34,Baltic States Independence Recognized,"EE,LV,LT,USSR","USSR officially recognizes independence of Estonia, Latvia and Lithuania."
1991,48,Ukraine Independence Referendum,"UA,USSR","Over 90% vote for independence, delivering fatal blow to the Union."
1991,49,Belavezha Accords Signed,"RU,UA,BY","Russia, Ukraine and Belarus sign agreement dissolving the USSR and creating the Commonwealth of Independent States (CIS)."
1991,51,Alma-Ata Protocol,"AM,AZ,BY,KZ,KG,MD,RU,TJ,TM,UA,UZ","11 former Soviet republics formally establish the CIS in Kazakhstan."
1991,52,Official Dissolution of the USSR,"USSR","Soviet Union legally ceases to exist after 69 years."
1992,3,Chapultepec Peace Accords,"El Salvador","End of 12-year Salvadoran Civil War between government and FMLN rebels."
1992,6,Maastricht Treaty Signed,"European Community nations","Treaty signed creating the European Union framework and single currency roadmap."
1992,12,Maastricht Treaty Signed,"EEC members","Treaty creates the European Union and sets path for the euro."
1992,12,South Africa Apartheid Referendum,"South Africa","White voters approve reforms ending apartheid system."
1992,12,AFTA Signed,"ASEAN members","ASEAN Free Trade Area agreement signed to create regional economic integration."
1992,14,Bosnian War Begins,"Bosnia, Serbia, Croatia","War erupts after Bosnia declares independence; start of brutal ethnic conflict."
1992,20,Collective Security Treaty Signed,"AM,KZ,KG,RU,TJ,UZ","Six post-Soviet states sign the Collective Security Treaty (CST) in Tashkent."
1992,36,10th Summit (Jakarta),"NAM members","Jakarta Declaration redefines NAM post-Cold War; shifts focus to development and globalization."
1992,40,Rome General Peace Accords,"Mozambique","Civil war between FRELIMO government and RENAMO ends after 16 years."
1993,1,Velvet Divorce of Czechoslovakia,"Czech Republic, Slovakia","Czechoslovakia peacefully splits into two independent states."
1993,6,Georgia Joins CIS,"GE,CIS members","Georgia admitted as the 12th member of the CIS."
1993,11,North Korea NPT Withdrawal Announced,"North Korea","Pyongyang announces intent to withdraw from Nuclear Non-Proliferation Treaty, starting nuclear crisis."
1993,21,Eritrea Independence,"Eritrea, Ethiopia","Eritrea gains full independence after 30-year war."
1993,26,US Missile Strikes on Baghdad,"United States, Iraq","Clinton orders cruise missiles against Iraqi intelligence HQ over assassination plot."
1993,37,Oslo Accords Signed,"Israel, PLO, United States","Historic Israel-PLO peace agreement signed at White House."
1993,44,Maastricht Treaty Enters into Force,"European Community nations","Treaty officially creates the European Union."
1994,1,NAFTA Enters into Force,"United States, Canada, Mexico","North American Free Trade Agreement officially begins, creating largest free trade zone."
1994,4,50% CFA Franc Devaluation Imposed,"FR + 14 CFA franc countries","France forces massive currency devaluation; causes economic shock, riots and long-term resentment across franc zone."
1994,14,Rwandan Genocide Begins,"Rwanda, Hutu extremists","Genocide against Tutsi population erupts after presidential plane crash."
1994,18,South Africa Rejoins Commonwealth,"ZA,Commonwealth","Post-apartheid readmission normalises relations with Africa, West and Commonwealth partners."
1994,19,Gaza-Jericho Agreement,"Israel, PLO","Palestinians gain limited self-rule in Gaza and Jericho as part of Oslo process."
1994,20,Mexico Joins OECD,"MX, OECD members","Mexico first Latin American member."
1994,27,Operation Turquoise in Rwanda,"FR,RW","Controversial French "humanitarian" zone widely accused of shielding génocidaires; permanently damages France's image in Great Lakes region."
1994,30,ASEAN Regional Forum (ARF) Established,"ASEAN + dialogue partners","First major security dialogue mechanism launched with non-members (US, China, Russia, EU, Japan, etc.)."
1994,38,US Intervention in Haiti,"United States, Haiti","Operation Uphold Democracy restores President Aristide after coup."
1994,43,Jordan-Israel Peace Treaty,"IL,JO,US","Second Arab state (Jordan) signs full peace with Israel; ends state of war and normalises relations, isolating remaining rejectionist Arab states."
1994,47,Norway Rejects EU Membership,"NO","Second Norwegian referendum rejects accession (52.2% No)."
1995,1,Austria Finland & Sweden Join EU,"AT,FI,SE,EU members","Major EFTA countries join EU (all three leave EFTA)."
1995,1,WTO Officially Established,"International community","World Trade Organization begins operations, replacing GATT as global trade body."
1995,10,Cenepa War,"PE,EC","Short but intense border war in Amazon; final conventional conflict between two South American states; leads to 1998 Brasilia Peace Treaty and permanent border demarcation."
1995,13,Schengen Area Implemented,"BE,FR,DE,LU,NL,ES,PT","Free movement without internal border controls begins."
1995,19,US Imposes Comprehensive Sanctions,"United States, Iran","Clinton enacts broad sanctions; extraterritorial effects cause friction with European allies."
1995,19,Suriname Joins CARICOM,"SR,CARICOM members","Suriname admitted as first non-English-speaking member."
1995,28,Srebrenica Massacre,"Bosnian Serbs, Dutch UNPROFOR","Bosnian Serb forces massacre over 8,000 Bosniak men and boys in UN 'safe area'."
1995,30,Vietnam Joins ASEAN,"VN,ASEAN members","Vietnam admitted as seventh member."
1995,35,Operation Deliberate Force,"NATO, Bosnian Serbs","NATO launches major air campaign against Bosnian Serb positions."
1995,39,Oslo II Accords Signed,"Israel, PLO","Interim agreement expands Palestinian self-rule in the West Bank."
1995,40,Cairns Group Forces Uruguay Round Breakthrough,"CA,AU,NZ + AR,BR,CL,TH,ID,PH","Commonwealth agricultural exporters (led by CA,AU,NZ) force US/EU subsidy cuts in GATT; major win against Western protectionism."
1995,45,Mercosur Becomes Customs Union,"AR,BR,PY,UY","Ouro Preto Protocol makes Mercosur operational customs union."
1995,45,Assassination of Yitzhak Rabin,"Israel","Israeli Prime Minister killed by right-wing extremist at peace rally in Tel Aviv."
1995,47,Dayton Accords Initialed,"United States, Bosnia, Croatia, Serbia","Peace framework agreement reached in Ohio to end the Bosnian War."
1995,50,Dayton Agreement Formally Signed,"Bosnia, Croatia, Serbia + international witnesses","Official signing in Paris ends the three-and-a-half-year Bosnian War."
1995,50,Third Taiwan Strait Crisis,"CN,TW,US","China fires missiles near Taiwan before elections; US deploys two carrier groups; highest tensions since 1950s."
1995,51,Czech Republic Joins OECD,"CZ, OECD members","First post-communist Central European member."
1996,10,Third Taiwan Strait Crisis,"China, Taiwan, United States","China conducts missile tests near Taiwan to intimidate voters before presidential election."
1996,19,Hungary Joins OECD,"HU, OECD members","Hungary joins."
1996,27,Yeltsin Re-elected President,"Russia","Boris Yeltsin defeats Communist candidate Gennady Zyuganov in runoff."
1996,35,Khasavyurt Accord,"Russia, Chechnya","Peace agreement signed ending First Chechen War."
1996,36,Operation Desert Strike,"United States, Iraq","US launches cruise missiles against Iraqi targets after Kurdish crisis."
1996,39,Taliban Captures Kabul,"Afghanistan","Taliban forces seize capital and establish Islamic Emirate."
1996,44,First Congo War Begins,"Zaire (DRC), Rwanda, Uganda, AFDL","Rebellion backed by Rwanda and Uganda begins, leading to overthrow of Mobutu."
1996,47,Poland Joins OECD,"PL, OECD members","Poland admitted."
1996,50,South Korea Joins OECD,"KR, OECD members","South Korea becomes member."
1997,21,Tony Blair Becomes UK Prime Minister,"United Kingdom","Labour Party landslide victory ends 18 years of Conservative rule."
1997,27,Hong Kong Handover to China,"United Kingdom, China","Britain returns Hong Kong after 156 years of colonial rule."
1997,27,Hong Kong Handover,"CN,GB","Britain returns Hong Kong; China promises "one country two systems"; major boost to Beijing's international prestige and economic integration."
1997,27,Laos & Myanmar Join ASEAN,"LA,MM,ASEAN members","Both countries admitted in major post-Cold War expansion."
1997,30,NATO Madrid Summit,"NATO members","Poland, Hungary and Czech Republic invited to join NATO."
1997,38,First Congo War Ends,"Zaire/DRC, Rwanda, Uganda, Kabila","Mobutu flees; Laurent Kabila declares victory and renames country DRC."
1997,47,GAFTA Agreement Signed,"Arab League members","Greater Arab Free Trade Area agreement signed under Arab League to reduce tariffs."
1997,49,ASEAN+3 Launched,"ASEAN + CN,JP,KR","First ASEAN+3 summit; begins deeper economic cooperation with China, Japan and South Korea (non-members)."
1998,15,Good Friday Agreement,"United Kingdom, Ireland, Northern Ireland parties","Historic peace deal signed ending 30 years of The Troubles."
1998,19,Eritrean-Ethiopian War Begins,"Eritrea, Ethiopia","Border conflict erupts between former allies."
1998,21,Suharto Resignation,"Indonesia","President Suharto resigns after 32 years amid economic crisis and riots."
1998,51,Operation Desert Fox,"United States, United Kingdom, Iraq","Four-day US-UK bombing campaign over weapons inspections."
1999,1,Euro Launched (Electronic),"AT,BE,FI,FR,DE,IE,IT,LU,NL,PT,ES","11 countries adopt euro as accounting currency."
1999,11,Czech Republic Hungary and Poland Join NATO,"CZ,HU,PL,NATO members", First post-Cold War enlargement."
1999,13,Kosovo War Begins,"NATO, Yugoslavia (Serbia)","NATO launches Operation Allied Force, bombing campaign to stop ethnic cleansing in Kosovo."
1999,17,Cambodia Joins ASEAN,"KH,ASEAN members","Cambodia becomes tenth and final core member, completing ASEAN-10."
1999,22,Kargil War,"India, Pakistan","High-altitude conflict in Kashmir; last major conventional war between the two nuclear powers."
1999,32,Second Chechen War Begins,"Russia, Chechnya","Russian forces invade Chechnya after apartment bombings, starting brutal second conflict."
1999,36,East Timor Independence Referendum,"Indonesia, East Timor, UN","Overwhelming vote for independence triggers violence and Australian-led intervention."
1999,49,Union State of Russia and Belarus Created,"RU,BY","Treaty on the Creation of the Union State signed, establishing deep bilateral integration."
2002,5,Axis of Evil Speech,"United States, Iran","Bush labels Iran part of axis of evil, isolating Iran further and alarming European partners."
2000,21,Israeli Withdrawal from South Lebanon,"Israel, Lebanon","Israel unilaterally withdraws from occupied southern Lebanon after 18 years."
2000,39,Second Intifada Begins,"Israel, Palestinians","Palestinian uprising starts after Sharon's Temple Mount visit."
2000,42,Milošević Ousted in Yugoslavia,"Federal Republic of Yugoslavia","Bulldozer Revolution forces Slobodan Milošević from power."
2001,14,Hainan Island Incident,"United States, China","US EP-3 spy plane collides with Chinese fighter; crew detained for 11 days."
2001,37,September 11 Attacks,"Al-Qaeda, United States","Terrorists hijack planes; strike World Trade Center and Pentagon, killing nearly 3,000."
2001,39,China Joins WTO,"CN,US,EU","Accession after 15 years of negotiations; opens China to global trade boom while locking in market reforms."
2001,41,Operation Enduring Freedom Begins,"United States + allies, Taliban/Al-Qaeda","US-led coalition invades Afghanistan in response to 9/11."
2001,50,US Withdraws from ABM Treaty,"United States, Russia","Bush administration announces exit from 1972 Anti-Ballistic Missile Treaty."
2002,1,Euro Physical Currency Introduced,"Eurozone members","Euro notes and coins replace national currencies."
2002,7,Haiti Joins CARICOM,"HT,CARICOM members","Haiti admitted, expanding to 15 members."
2002,15,Venezuelan Coup Attempt,"Venezuela","Failed military coup briefly ousts President Hugo Chávez."
2002,21,East Timor Independence,"East Timor, UN, Indonesia","Timor-Leste gains full sovereignty after UN administration."
2002,40,Operation Licorne in Ivory Coast,"FR,CI","France intervenes in civil war, creates buffer zone and is later accused by both sides of bias; triggers 2004 anti-French riots in Abidjan."
2002,41,CSTO Officially Founded,"AM,BY,KZ,KG,RU,TJ","Collective Security Treaty Organization (CSTO / ОДКБ) formally established with its Charter."
2003,12,Iraq War Begins,"US-led Coalition, Iraq","Operation Iraqi Freedom invasion launched without full UN approval."
2003,12,France Opposes Iraq War,"FR,US,UK","Chirac threatens UN veto; deepest transatlantic crisis since WWII; US renames French fries “freedom fries”."
2003,47,Rose Revolution,"Georgia","Mass protests force President Shevardnadze's resignation."
2003,51,Libya Renounces WMD Program,"Libya, United States, United Kingdom","Gaddafi agrees to dismantle nuclear and chemical weapons programs."
2004,13,Biggest NATO Enlargement,"BG,EE,LV,LT,RO,SK,SI,NATO members","Seven countries join in largest single expansion."
2004,18,Big Bang EU Enlargement,"CY,CZ,EE,HU,LV,LT,MT,PL,SK,SI,EU members","10 new members join in largest single expansion."
2004,26,Iraq Sovereignty Transfer,"United States, Iraq","US formally transfers sovereignty to Iraqi Interim Government under Prime Minister Ayad Allawi."
2004,42,ALBA Launched,"CU,VE + later BO,NI,EC,DO,GD,HN","Venezuela-Cuba "Bolivarian Alliance" founded as explicit anti-US socialist integration project; creates parallel ideological bloc splitting Latin America."
2004,47,Orange Revolution Begins,"Ukraine","Mass protests erupt after disputed presidential election, leading to democratic breakthrough."
2004,50,Belarus: First EU & US Targeted Sanctions,"BY,EU,US","Sanctions imposed on Belarusian officials over human-rights abuses and political repression."
2005,1,GAFTA Fully Implemented,"Most Arab League members","Greater Arab Free Trade Area enters full effect with major tariff reductions."
2005,7,Assassination of Rafik Hariri,"Lebanon","Former Lebanese PM killed by car bomb; triggers Cedar Revolution."
2005,17,Syrian Withdrawal from Lebanon,"Syria, Lebanon","Syria pulls out troops after massive protests following Hariri assassination."
2005,29,Trans-Pacific Strategic Economic Partnership (P4) Signed,"BN,CL,NZ,SG","Foundational "Pacific Four" agreement signed; first multilateral FTA linking Asia Americas and Pacific with high-standard rules on trade services and investment."
2005,34,Israeli Gaza Disengagement,"Israel","Israel unilaterally withdraws settlers and troops from Gaza Strip."
2006,1,CSME Launched,"CARICOM members","CARICOM Single Market and Economy officially begins operations."
2006,21,Montenegro Independence Referendum,"Montenegro, Serbia","Voters approve secession; ends Serbia-Montenegro union after peaceful dissolution."
2006,27,North Korea Missile Tests,"North Korea","Multiple ballistic missile launches (incl. failed Taepodong-2) draw global condemnation."
2006,28,2006 Lebanon War Begins,"Israel, Hezbollah","Hezbollah cross-border raid sparks month-long conflict with heavy Israeli airstrikes."
2006,29,Venezuela Withdraws from CAN,"VE,Andean Community","Venezuela leaves Andean Community to join Mercosur."
2006,32,UN Resolution 1701,"UN Security Council, Israel, Hezbollah","Ceasefire ends Lebanon War; deploys UNIFIL buffer force in south Lebanon."
2006,38,Thai Military Coup,"Thailand","Bloodless coup ousts Prime Minister Thaksin Shinawatra; installs interim military rule."
2006,41,North Korea First Nuclear Test,"KP,CN,US,JP,KR","DPRK detonates atomic device; triggers UN sanctions and major regional crisis involving all six parties."
2006,45,Belarus: Major EU Sanctions After Fraudulent Election,"BY,EU","Travel bans and asset freezes on Lukashenko regime after disputed presidential vote."
2007,1,Angola Joins OPEC,"AO,OPEC members","Angola admitted."
2007,1,Bulgaria & Romania Join EU,"BG,RO,EU members","Southeastern enlargement."
2007,24,Hamas Seizes Gaza,"Hamas, Fatah","Hamas takes full military control of Gaza Strip after violent clashes with Fatah."
2007,26,Major Schengen Expansion,"CZ,EE,HU,LV,LT,MT,PL,SK,SI","Nine new EU members join Schengen Area."
2007,37,Operation Orchard,"Israel, Syria","Israeli airstrike destroys suspected Syrian nuclear reactor."
2007,45,ASEAN Charter Signed,"ASEAN members","Historic charter gives ASEAN legal personality and stronger institutions."
2007,50,Lisbon Treaty Signed,"European Union","EU leaders sign treaty to reform EU institutions."
2007,50,Slovakia Joins OECD,"SK, OECD members","Slovakia joins."
2007,52,Assassination of Benazir Bhutto,"Pakistan","Former Prime Minister Benazir Bhutto assassinated in Rawalpindi."
2008,7,Kosovo Declares Independence,"Kosovo, Serbia","Kosovo unilaterally declares independence from Serbia; widely recognized by Western powers but opposed by Russia and Serbia."
2008,28,UNASUR Founded,"12 South American states (excluding FR colonies)","Union of South American Nations created in Brasília as purely South American political forum; first attempt at region-wide integration without North American or European involvement."
2008,32,Russo-Georgian War Begins,"Russia, Georgia","Russia defeats Georgia in five-day war over South Ossetia, occupying parts of the country."
2008,34,Russia: NATO Suspends All Cooperation,"RU,NATO","NATO freezes practical cooperation after Russia-Georgia war."
2008,37,United States Announces Intention to Join P4 Negotiations,"US,BN,CL,NZ,SG","Bush administration signals interest; launches expansion process that becomes the TPP."
2008,29,Beijing Olympics & Global Soft-Power Push,"CN,world","Games showcase China's rise; massive diplomatic charm offensive across Africa, Latin America and Europe."
2008,48,Mumbai Terror Attacks,"India, Lashkar-e-Taiba (Pakistan-based)","Coordinated attacks kill 166, severely straining India-Pakistan relations."
2009,14,Albania and Croatia Join NATO,"AL,HR,NATO members","Albania and Croatia admitted."
2009,21,End of Sri Lankan Civil War,"Sri Lanka, LTTE","Government defeats Tamil Tigers after 26-year conflict."
2009,21,North Korea Second Nuclear Test,"North Korea","DPRK conducts underground atomic detonation, heightening tensions."
2009,24,First BRIC Summit,"BR,RU,IN,CN","Inaugural leaders' summit in Yekaterinburg, Russia, formally launches the BRIC grouping."
2009,26,Honduran Coup d'État,"Honduras","Military ousts President Zelaya, triggering regional condemnation."
2009,49,Lisbon Treaty Enters into Force,"EU members","Major institutional reform and increased foreign-policy integration."
2008,49,ASEAN Charter Enters into Force,"ASEAN members","Charter effective; transforms ASEAN into rules-based legal entity."
2010,10,Australia Peru and Vietnam Join TPP Negotiations,"AU,PE,VN + original P4 + US","Negotiations formally expand from P4 to nine countries; major step toward broader Pacific Rim deal."
2010,14,New START Treaty Signed,"United States, Russia","Obama and Medvedev sign landmark nuclear arms reduction treaty in Prague."
2010,14,Second Kyrgyz Revolution,"Kyrgyzstan","Popular uprising overthrows President Bakiyev; interim government takes power."
2010,18,Chile Joins OECD,"CL, OECD members","Chile joins as second Latin American member."
2010,22,Gaza Freedom Flotilla Raid,"Israel, International activists","Israeli commandos storm Turkish aid ship Mavi Marmara, killing 9 activists."
2010,29,Slovenia Joins OECD,"SI, OECD members","Slovenia accedes."
2010,36,Israel Joins OECD,"IL, OECD members","Israel becomes member."
2010,47,North Korea Shells Yeonpyeong Island,"North Korea, South Korea","North Korean artillery attack kills 4 South Koreans and escalates peninsula tensions."
2010,49,Estonia Joins OECD,"EE, OECD members","Estonia joins."
2010,50,Belarus: EU & US Tighten Sanctions Post-Election,"BY,EU,US","New sanctions wave after fraudulent election and crackdown on opposition."
2010,50,South Africa Joins,"ZA,BR,RU,IN,CN","South Africa invited and accedes, transforming BRIC into BRICS."
2010,50,Tunisian Revolution Begins,"Tunisia","Mohamed Bouazizi's self-immolation sparks nationwide protests, igniting the Arab Spring."
2010,50,Malaysia Joins TPP Negotiations,"MY + existing members","Malaysia accedes to talks; brings Southeast Asian economic weight."
2011,2,Tunisian President Ben Ali Flees,"Tunisia","Longtime dictator flees to Saudi Arabia after mass protests, marking first success of Arab Spring."
2011,6,Hosni Mubarak Resigns,"Egypt","Egyptian president steps down after 18 days of popular uprising in Tahrir Square."
2011,11,Libya Intervention,"FR,UK,US,Libya","Sarkozy leads NATO campaign to overthrow Gaddafi; restores French influence in North Africa."
2011,15,First BRICS Summit,"BR,RU,IN,CN,ZA","Group holds first summit as BRICS in Sanya, China."
2011,11,NATO Intervention in Libya Begins,"NATO, Libya (Gaddafi)","Operation Odyssey Dawn launches air campaign to protect civilians in Libyan Civil War."
2011,19,Pacific Alliance Formed,"CL,CO,MX,PE","Liberal-leaning trade bloc established in Lima; explicitly positions itself as open, market-oriented alternative to ALBA/UNASUR ideological blocs."
2011,27,South Sudan Independence,"South Sudan, Sudan","World's newest nation gains independence after decades of civil war."
2011,42,Gaddafi Killed,"Libya","Muammar Gaddafi captured and killed in Sirte, ending 42-year rule."
2011,43,Syria Suspended from Arab League,"SY,Arab League","Syria suspended due to violent crackdown during Arab Spring."
2011,51,US Withdrawal from Iraq Completed,"United States, Iraq","Last American troops leave Iraq, ending nearly 9 years of military presence."
2012,10,Vladimir Putin Elected Russian President,"Russia","Putin wins presidential election and returns to the Kremlin for third term."
2012,26,Mohamed Morsi Elected Egyptian President,"Egypt","Muslim Brotherhood candidate becomes Egypt's first democratically elected president."
2012,27,Canada and Mexico Join TPP Negotiations,"CA,MX + existing members","North American expansion completes the eventual 12-country group."
2012,31,Venezuela Joins Mercosur,"VE,Mercosur members","Venezuela becomes full Mercosur member (later suspended 2017)."
2012,33,Japan Nationalises Senkaku/Diaoyu Islands,"JP,CN","Tokyo purchases disputed islands; sparks massive Chinese protests, boycotts and first sustained PLA Navy incursions."
2012,46,Operation Pillar of Defense,"Israel, Hamas","Israeli military campaign in Gaza against rocket attacks."
2012,48,Palestine UN Observer Status,"United Nations, Palestine","UN General Assembly upgrades Palestine to non-member observer state."
2012,50,North Korea Rocket Launch Success,"North Korea","DPRK successfully launches Unha-3 rocket, placing satellite in orbit."
2013,2,French Intervention in Mali,"FR,ML + African allies","Operation Serval stops Islamist advance; first major French military action in former colony without US lead."
2013,2,Operation Serval Launched in Mali,"FR,ML","France rapidly deploys 4,500 troops to stop Islamist takeover of Bamako; initially welcomed but later seen as occupation."
2013,7,North Korea Third Nuclear Test,"North Korea","DPRK conducts its third underground nuclear test, drawing international sanctions."
2013,27,Croatia Joins EU,"HR,EU members","Croatia becomes 28th member."
2013,27,Egyptian Military Coup,"Egypt","Military ousts President Mohamed Morsi; Abdel Fattah el-Sisi rises to power."
2013,27,Japan Joins TPP Negotiations,"JP + existing members","Japan's entry dramatically increases economic scale and strategic importance."
2013,34,Ghouta Chemical Attack,"Syria","Deadly sarin attack near Damascus crosses Obama's 'red line', escalating Syria crisis."
2013,36,Belt and Road Initiative Launched,"CN,65+ countries","Xi announces Silk Road Economic Belt and Maritime Silk Road; largest infrastructure/diplomacy project in history, creating debt-trap dependencies and strategic footholds."
2013,37,US-Russia Syria Chemical Weapons Deal,"United States, Russia, Syria","Agreement reached to destroy Syria's chemical weapons stockpile, averting US strikes."
2013,45,UK Begins CPTPP Accession Talks,"GB,AU,NZ,CA + Pacific members","Britain initiates negotiations to join trans-Pacific trade bloc dominated by Commonwealth partners."
2013,47,Euromaidan Protests Begin,"Ukraine","Mass protests erupt in Kyiv after Yanukovych rejects EU association agreement."
2013,48,Iran Nuclear Interim Agreement,"Iran, P5+1 nations","Historic Joint Plan of Action signed in Geneva, freezing parts of Iran's nuclear program."
2014,8,Yanukovych Flees Ukraine,"Ukraine","President Viktor Yanukovych flees to Russia after Euromaidan Revolution topples government."
2014,12,Russia: Annexation of Crimea Triggers Western Sanctions,"RU,US,EU,UA","US and EU impose first major sanctions package on Russia."
2014,15,NATO Suspends All Cooperation with Russia,"RU,NATO","Full suspension of NATO-Russia Council activities."
2014,15,Donbas War Begins,"Ukraine, Pro-Russian separatists","Armed uprising starts in Donetsk and Luhansk regions."
2014,28,New Development Bank Announced,"BRICS members","Leaders agree to establish NDB as alternative to Western financial institutions."
2014,26,ISIS Declares Caliphate,"Islamic State","Abu Bakr al-Baghdadi proclaims Islamic State caliphate after capturing large areas of Iraq and Syria."
2014,29,MH17 Shot Down,"Ukraine, Malaysia Airlines","Passenger flight downed over eastern Ukraine, killing all 298 on board."
2014,35,Operation Barkhane Established,"FR + Sahel G5 (ML,NE,BF,TD,MR)","Permanent 5,000-troop anti-terror mission across Sahel; becomes symbol of enduring French military dominance."
2014,51,US-Cuba Diplomatic Thaw,"United States, Cuba","Obama and Castro announce restoration of diplomatic relations after 50+ years."
2015,1,Eurasian Economic Union Launched,"RU,BY,KZ,AM,KG","EAEU begins operations as major economic integration project (Customs Union successor)."
2015,13,Saudi-led Intervention in Yemen,"Saudi Arabia + Gulf coalition, Houthis","Operation Decisive Storm airstrikes launched against Iran-backed Houthi rebels."
2015,14,Iran Nuclear Framework Agreement,"Iran, P5+1 nations","Interim deal outlines path to comprehensive JCPOA nuclear agreement."
2015,29,JCPOA Nuclear Deal Signed,"United States, Iran, P5+1","Joint Comprehensive Plan of Action limits Iran's nuclear program in exchange for sanctions relief."
2015,33,US-Cuba Embassies Reopen,"United States, Cuba","Full diplomatic relations restored after 54 years of hostility."
2015,40,Russia Begins Military Intervention in Syria,"Russia, Syria (Assad regime)","Russian airstrikes launch in support of Assad against rebels and ISIS."
2015,41,TPP Negotiations Concluded,"12 countries (AU,BN,CA,CL,JP,MY,MX,NZ,PE,SG,US,VN)","Atlanta round finalises text after 19 formal rounds; highest-standard trade agreement ever negotiated."
2015,46,Paris Terror Attacks,"France, Islamic State (ISIS)","Coordinated attacks kill 130 people, deadliest in France since WWII."
2015,46,Paris Terror Attacks & Global Response,"FR,IS","ISIS attacks kill 130; triggers French airstrikes in Syria/Iraq and strengthens Franco-Russian intelligence ties temporarily."
2015,48,Turkey Shoots Down Russian Su-24,"Turkey, Russia","Turkish forces down Russian jet near Syrian border, causing major diplomatic crisis."
2016,2,North Korea Fourth Nuclear Test,"North Korea","DPRK conducts fourth nuclear test, escalating Northeast Asia tensions and prompting UN sanctions."
2016,5,TPP Signed in Auckland,"12 countries","Full Trans-Pacific Partnership signed; covers 40% of global GDP at the time."
2016,25,Brexit Referendum & Commonwealth Trade Pivot,"GB,Commonwealth","UK vote to leave EU redirects trade policy toward CA,AU,NZ and non-Commonwealth Asia-Pacific markets."
2016,26,Latvia Joins OECD,"LV, OECD members","Latvia admitted."
2016,27,South China Sea Arbitration Ruling,"PH,CN","Permanent Court of Arbitration rules in favour of Philippines against China's nine-dash line; Beijing rejects verdict and accelerates island-building."
2016,29,Failed Turkish Coup Attempt,"Turkey","Military faction attempts overthrow of President Erdoğan; fails, followed by mass purges."
2016,42,Battle of Mosul Begins,"Iraq, US-led Coalition, ISIS","Largest offensive launched to retake Iraq's second-largest city from Islamic State."
2016,47,OPEC+ Formed,"OPEC + RU + other non-OPEC","Historic production-cut deal with Russia creates OPEC+, reshaping global oil geopolitics."
2016,51,Fall of Aleppo,"Syria (Assad regime), Russia, Iran","Government forces, backed by Russia and Iran, recapture eastern Aleppo from rebels."
2017,1,Equatorial Guinea Joins,"GQ,OPEC members","Equatorial Guinea admitted."
2017,3,United States Withdraws from TPP,"US + 11 others","Trump administration issues executive order withdrawing signature; agreement effectively dead without US ratification."
2017,19,Venezuela Suspended from Mercosur,"VE,Mercosur members","Mercosur suspends Venezuela over democratic backsliding."
2017,23,Montenegro Joins NATO,"ME,NATO members","Montenegro becomes 29th member."
2017,24,Qatar Diplomatic Crisis Begins,"SA,AE,BH,EG,QA,GCC","Saudi Arabia, UAE, Bahrain and Egypt impose blockade on Qatar, major GCC internal crisis affecting ties with Turkey and Iran."
2017,36,North Korea 6th Nuclear Test,"North Korea","DPRK detonates most powerful underground nuclear device to date."
2017,49,US Recognizes Jerusalem as Israeli Capital,"United States, Israel","Trump announces embassy move, sparking global controversy."
2017,49,Remaining 11 Countries Agree to Revive Deal,"11 former TPP members","Tokyo meeting decides to proceed without US; begins work on revised "TPP-11" framework."
2018,1,Congo Joins OPEC,"CG,OPEC members","Republic of the Congo admitted."
2018,10,CPTPP Signed in Santiago,"11 countries (AU,BN,CA,CL,JP,MY,MX,NZ,PE,SG,VN)","Official signing ceremony; renamed CPTPP with lower entry-into-force threshold."
2018,10,Skripal Poisoning Crisis,"United Kingdom, Russia","Russian agents use Novichok nerve agent on former spy Sergei Skripal in UK, triggering massive diplomatic expulsions."
2018,19,US Withdraws from JCPOA,"United States, Iran","Trump administration exits nuclear deal and reimposes maximum-pressure sanctions."
2018,20,US Embassy Opens in Jerusalem,"United States, Israel","US officially moves embassy from Tel Aviv to Jerusalem, fulfilling long-standing promise."
2018,27,Lithuania Joins OECD,"LT, OECD members","Lithuania joins."
2018,29,Trump-Putin Helsinki Summit,"United States, Russia","Controversial summit in Finland draws criticism over Trump's performance."
2018,40,Jamal Khashoggi Assassination,"Saudi Arabia, Turkey","Saudi journalist murdered inside Saudi consulate in Istanbul, causing major international scandal."
2018,50,Essequibo Dispute Escalation,"VE,GY","Venezuela reactivates 19th-century territorial claim; military threats and referendum in 2023 sharply worsen bilateral relations and draw in CARICOM solidarity with Guyana."
2019,1,Qatar Leaves OPEC,"QA","Qatar withdraws to focus on natural gas."
2019,4,Venezuela Presidential Crisis Escalates,"Venezuela, United States + 50+ countries","Opposition leader Juan Guaidó declares himself interim president; US and allies recognize him against Maduro."
2019,25,Iran Shoots Down US Drone,"Iran, United States","Iran downs American RQ-4 Global Hawk, bringing superpowers to brink of conflict."
2019,32,India Revokes Kashmir Autonomy,"India","Government abolishes Article 370; strips Jammu and Kashmir of special status."
2019,37,Saudi Aramco Drone Attacks,"Saudi Arabia, Houthis (Iran-backed)","Precision strikes on Abqaiq and Khurais facilities disrupt half of Saudi oil output."
2019,41,Turkish Invasion of Northern Syria,"Turkey, Syrian Kurds, United States","Operation Peace Spring launched after Trump orders US troop pullback."
2020,1,Ecuador Leaves OPEC,"EC","Ecuador officially withdraws."
2020,1,Brexit Completed & New Trade Deals Accelerated,"GB,AU,NZ,CA,JP,SG","UK exits EU single market; signs rapid FTAs with Australia, New Zealand, Japan and Singapore."
2020,1,Brexit Completed,"GB,EU-27","United Kingdom officially leaves the European Union."
2022,9,Ukraine Applies for EU Membership,"UA,EU","Ukraine submits application and receives fast-track candidate status."
2020,9,US-Taliban Doha Agreement,"United States, Taliban","Landmark deal signed paving way for phased US withdrawal from Afghanistan."
2020,13,North Macedonia Joins NATO,"MK,NATO members","North Macedonia admitted after name dispute resolution."
2020,18,Colombia Joins OECD,"CO, OECD members","Colombia joins as third Latin American member."
2020,25,Galwan Valley Clash,"India, China","Deadly border skirmish in Ladakh kills 20 Indian soldiers, worst since 1967."
2020,27,Hong Kong National Security Law,"China, Hong Kong","Beijing imposes sweeping security law, curbing autonomy and dissent."
2020,33,First Mali Coup & Anti-French Turn,"FR,ML","Military junta seizes power and begins criticising French presence while courting Russia."
2020,34,Alexei Navalny Poisoned,"Russia","Russian opposition leader poisoned with Novichok nerve agent."
2020,37,Abraham Accords Signed,"IL,AE,BH,US","United Arab Emirates and Bahrain normalise relations with Israel under US mediation; first Gulf Arab states to recognise Israel; followed by Sudan and Morocco later same year."
2020,39,Second Nagorno-Karabakh War,"Armenia, Azerbaijan","Intense 44-day war ends with Azerbaijani victory and Russian peacekeepers."
2020,50,Sudan & Morocco Normalise with Israel,"IL,SD,MA,US","Sudan and Morocco establish diplomatic ties with Israel in exchange for US concessions (delisting Sudan from terror sponsors, US recognition of Moroccan Sahara claim)."
2021,4,Qatar Blockade Lifted,"GCC members","GCC countries end diplomatic boycott and blockade of Qatar."
2021,21,Costa Rica Joins OECD,"CR, OECD members","Costa Rica becomes 38th member."
2021,24,Biden-Putin Geneva Summit,"United States, Russia","First meeting between Biden and Putin focuses on arms control and cyber security."
2021,32,Fall of Kabul,"Taliban, United States, Afghanistan","Taliban rapidly seizes Afghan capital as government collapses."
2021,37,AUKUS Pact Announced,"United States, United Kingdom, Australia","New trilateral defense pact shocks France and reshapes Indo-Pacific strategy."
2021,49,Russia Demands NATO Security Guarantees,"Russia, NATO","Moscow issues ultimatum on Ukraine, beginning prelude to 2022 invasion."
2022,8,Russian Full-Scale Invasion of Ukraine,"Russia, Ukraine","Russia launches largest European conflict since WWII; begins massive war in Ukraine."
2022,10,OECD Suspends Russia and Belarus Participation,"RU,BY,OECD","OECD suspends both countries from all activities in response to Ukraine war."
2022,15,ALBA vs Pacific Alliance Split Deepens,"ALBA states vs Pacific Alliance","Ideological divide peaks during Ukraine war; ALBA countries back Russia while Pacific Alliance nations align with Western sanctions, fracturing regional consensus."
2022,15,Mali Expels French Troops & Ends Barkhane,"FR,ML","Junta orders complete French withdrawal and closes French bases; first major collapse of Françafrique military footprint."
2022,20,Finland and Sweden Apply for NATO,"Finland, Sweden, NATO","Both countries formally submit NATO membership applications in response to Russian aggression."
2022,26,Ukraine & Moldova Granted Candidate Status,"UA,MD,EU members","EU leaders grant candidate status to Ukraine and Moldova."
2022,32,Pelosi Visits Taiwan,"TW,US,CN","US House Speaker visits Taipei; China responds with largest-ever military drills encircling Taiwan."
2022,39,Nord Stream Pipelines Sabotaged,"Russia/Europe","Underwater explosions severely damage key Russia-Germany gas pipelines."
2022,40,Burkina Faso Expels French Special Forces,"FR,BF","After coup, junta revokes military agreements and expels French troops; second Sahel country to break ties."
2022,42,Xi Jinping Secures Third Term,"China","Xi elected for unprecedented third term as China's paramount leader."
2023,5,UK Formally Accedes to CPTPP,"GB,AU,NZ,CA + 8 others","Britain joins Comprehensive and Progressive Agreement for Trans-Pacific Partnership; cements post-Brexit economic reorientation toward Commonwealth and Indo-Pacific partners."
2023,6,Chinese Spy Balloon Incident,"United States, China","US shoots down suspected Chinese surveillance balloon over American territory, causing major diplomatic crisis."
2023,10,China Brokers Iran-Saudi Rapprochement,"China, Iran, Saudi Arabia","Beijing facilitates restoration of diplomatic ties between Iran and Saudi Arabia, boosting China's Middle East influence."
2023,13,Syria Readmitted to Arab League,"SY,Arab League","Syria reinstated after 12 years of suspension."
2023,14,Finland Joins NATO,"FI,NATO members","Finland becomes 31st member."
2023,15,France Withdraws from Niger,"FR,NE","Military coup forces end of French troop presence; accelerates collapse of French influence in Sahel (Françafrique)."
2023,18,Georgia Granted Candidate Status,"GE,EU","Georgia receives EU candidate status."
2023,34,Major Expansion Announced,"BRICS members","Johannesburg Summit invites Egypt, Ethiopia, Iran, Saudi Arabia, UAE and Argentina (Argentina later declines)."
2023,28,NATO Vilnius Summit,"NATO, Ukraine","Alliance offers long-term support to Ukraine and invites Sweden to join."
2023,29,United Kingdom Accession Protocol Signed,"GB + 11 CPTPP members","UK signs accession in London; first new member and first European country."
2023,30,Niger Coup Triggers Anti-French Revolution,"FR,NE","Coup ousts pro-French President Bazoum; massive protests demand French exit and lead to revocation of all military accords."
2023,34,BRICS Expansion Announced,"BRICS nations","Group announces addition of Iran, Saudi Arabia, Egypt, UAE, and Ethiopia, expanding influence."
2023,41,Hamas Attack Triggers Global Realignment,"IL + US,EU,UK + Arab states","Massive attack on Israel prompts unprecedented US/European military support to Israel; several Arab states quietly maintain Abraham Accords ties while publicly criticising Israel."
2024,1,Angola Leaves OPEC,"AO","Angola withdraws."
2024,1,New Members Join BRICS,"EG,ET,IR,AE,BRICS original","Egypt, Ethiopia, Iran and UAE officially become full members."
2024,10,Sweden Joins NATO,"SE,NATO members","Sweden becomes 32nd member."
2024,15,Iran Launches Direct Missile Attack on Israel,"IR,IL,US,UK,FR,JO","Iran fires first direct ballistic missiles at Israel; US, UK, France and Jordan assist in interception; strengthens Israel-Western defence cooperation and isolates Iran further."
2024,15,France Completes Withdrawal from Niger,"FR,NE","Last French troops leave Niamey base; ends key Sahel hub that supported Operation Barkhane."
2024,25,Russia-North Korea Mutual Defense Pact,"Russia, North Korea","Putin and Kim Jong-un sign comprehensive strategic partnership treaty including mutual defense clause."
2024,40,Israeli Ground Invasion of Lebanon,"Israel, Hezbollah","Israel launches major ground operation into southern Lebanon."
2024,48,US-Japan-Philippines Trilateral Summit & Defence Pacts,"US,JP,PH,CN","Historic Camp David-style summit; new security agreements and joint patrols in South China Sea to counter Chinese assertiveness."
2024,48,China's "Global Security Initiative" Gains Traction,"CN,Global South","Xi promotes alternative to US-led order; deepens ties with BRICS+ and African nations while Europe and US label it "divisive"."
2024,49,Fall of Assad Regime,"Syria (HTS rebels), Bashar al-Assad","Rebels capture Damascus; Assad flees to Russia after 24 years in power."
2025,1,Indonesia Joins BRICS,"ID,BRICS members","Indonesia accedes as full member."
2025,6,US-Israel Joint Strikes on Iran,"US,IL,IR","Joint operation targets Iranian nuclear and military sites; marks direct US military involvement alongside Israel, deepening isolation of Iran from Gulf states and Europe."
2025,15,China-EU Investment Agreement Frozen & US Tech Alliance Deepens,"CN,EU,US","CAI deal remains frozen over human-rights sanctions; meanwhile QUAD/AUKUS expand, isolating China in Indo-Pacific."
2025,15,Japan-Philippines Reciprocal Access Agreement Signed,"JP,PH","Allows mutual troop deployments; first such pact for both countries, deepening military ties with US backing against China."
2025,18,France Withdraws Final Forces from Chad,"FR,TD","Closure of last major permanent French base in Chad after 60 years; symbolic end of traditional Françafrique military presence in Central Africa."
2026,1,China Hosts "Global South Summit" Alternative,"CN,120+ developing nations","Beijing launches parallel forum to G7/G20; further entrenches bloc politics and accelerates de-dollarisation efforts."
